canonical_id,canonical_name,italy_id,italy_name,germany_id,germany_name,mapping_status,notes
0,prio_give_way,0,prio_give_way,13,give_way,final,232
1,prio_stop,1,prio_stop,14,stop,final,202
2,prio_priority_road,2,prio_priority_road,12,priority_road,final,471
3,forb_speed_over_5,3,forb_speed_over_5,,,pending_germany_mapping
4,forb_speed_over_10,4,forb_speed_over_10,,,pending_germany_mapping
5,forb_speed_over_20,5,forb_speed_over_20,0,speed_limit_20,final,203
6,forb_speed_over_30,6,forb_speed_over_30,1,speed_limit_30,final,226
7,forb_speed_over_40,7,forb_speed_over_40,,,pending_germany_mapping
8,forb_speed_over_50,8,forb_speed_over_50,2,speed_limit_50,final,249
9,forb_speed_over_60,9,forb_speed_over_60,3,speed_limit_60,final,416
10,forb_speed_over_70,10,forb_speed_over_70,4,speed_limit_70,final,18
11,forb_speed_over_80,11,forb_speed_over_80,5,speed_limit_80,final,351
12,forb_speed_over_90,12,forb_speed_over_90,,,pending_germany_mapping
13,forb_speed_over_100,13,forb_speed_over_100,7,speed_limit_100,final,121
14,forb_speed_over_110,14,forb_speed_over_110,,,pending_germany_mapping
15,forb_speed_over_120,15,forb_speed_over_120,8,speed_limit_120,final,380
16,forb_speed_over_130,16,forb_speed_over_130,,,pending_germany_mapping
17,forb_no_entry,17,forb_no_entry,17,no_entry,final,162
18,forb_no_parking,18,forb_no_parking,,,pending_germany_mapping
19,forb_no_stopping,19,forb_no_stopping,,,pending_germany_mapping
20,forb_overtake_car,20,forb_overtake_car,9,no_passing,final,264
21,forb_overtake_trucks,21,forb_overtake_trucks,10,no_passing_trucks,final,530
22,forb_trucks,22,forb_trucks,,,pending_germany_mapping
23,forb_turn_left,23,forb_turn_left,,,pending_germany_mapping
24,forb_turn_right,24,forb_turn_right,,,pending_germany_mapping
25,forb_weight_over_3.5t,25,forb_weight_over_3.5t,16,trucks_over_3.5t_prohibited,final,94
26,forb_weight_over_7.5t,26,forb_weight_over_7.5t,,,pending_germany_mapping
27,forb_u_turn,27,forb_u_turn,,,pending_germany_mapping
28,info_bus_station,28,info_bus_station,,,pending_germany_mapping
29,info_crosswalk,29,info_crosswalk,,,pending_germany_mapping
30,info_highway,30,info_highway,,,pending_germany_mapping
31,info_one_way,31,info_one_way,,,pending_germany_mapping
32,info_parking,32,info_parking,,,pending_germany_mapping
33,info_taxi_parking,33,info_taxi_parking,,,pending_germany_mapping
34,warn_children,34,warn_children,28,children_crossing,final,230
35,warn_construction,35,warn_construction,25,road_work,final,207
36,warn_crosswalk,36,warn_crosswalk,27,pedestrians,final,21
37,warn_cyclists,37,warn_cyclists,29,bicycles_crossing,final,282
38,warn_left_curve,38,warn_left_curve,19,dangerous_curve_left,final,183
39,warn_right_curve,39,warn_right_curve,20,dangerous_curve_right,final,99
40,warn_domestic_animals,40,warn_domestic_animals,,,pending_germany_mapping
41,warn_other_dangers,41,warn_other_dangers,18,warn_general,REVIEW ITALY AGAIN,42
42,warn_poor_road_surface,42,warn_poor_road_surface,,,pending_germany_mapping
43,warn_roundabout,43,warn_roundabout,,,pending_germany_mapping
44,warn_sharp_left_curve,44,warn_sharp_left_curve,,,pending_germany_mapping
45,warn_sharp_right_curve,45,warn_sharp_right_curve,,,pending_germany_mapping
46,warn_slippery_road,46,warn_slippery_road,23,slippery_road,final,70
47,warn_hump,47,warn_hump,,,pending_germany_mapping
48,warn_traffic_light,48,warn_traffic_light,26,traffic_signals,final,105
49,warn_tram,49,warn_tram,,,pending_germany_mapping
50,warn_two_way_traffic,50,warn_two_way_traffic,,,pending_germany_mapping
51,warn_wild_animals,51,warn_wild_animals,37,wild_animals_crossing,pending_germany_mapping,Review before using in preprocessing
52,mand_bike_lane,52,mand_bike_lane,,,pending_germany_mapping
53,mand_go_left,53,mand_go_left,34,turn_left_ahead,final,204
54,mand_go_left_right,54,mand_go_left_right,,,pending_germany_mapping
55,mand_go_right,55,mand_go_right,33,turn_right_ahead,final,460
56,mand_go_straight,56,mand_go_straight,35,ahead_only,final,43
57,mand_go_straight_left,57,mand_go_straight_left,31,go_straight_or_left,final,797 in TEST folder
58,mand_go_straight_right,58,mand_go_straight_right,36,go_straight_or_right,final,548
59,mand_pass_left,59,mand_pass_left,39,keep_left,final,2
60,mand_pass_left_right,60,mand_pass_left_right,,,pending_germany_mapping
61,mand_pass_right,61,mand_pass_right,38,keep_right,final,48
62,mand_roundabout,62,mand_roundabout,40,roundabout_mandatory,final,40
63,speed_limit_80_aufgehoben,,,6,speed_limit_80_aufgehoben,final,87
64,prio_priority_once,,,11,Einmalige Vorfahrt,final,0
65,warn_twisty_road,,,21,warn_twisty_road,final,3
66,warn_poor_road_surface,,,22,warn Brücken_schäden,final,294
67,forb_no_traffic_both_ways,,,15,forb_no_traffic_both_ways,final,29
68,warn_ice_snow,,,24,warn_ice_snow,final,791
69,warn_road_narrows,,,30,warn_road_narrows,final,100
70,restriction_ends,,,32,freigegeben,final,317
71,restrichtion_ends_overtaking,,,41,freigegeben_überholverbot,final,158
72,restirction_ends_overtaking_trucks,,,42,freigeben_überholverbot_LKW,final,299
